id,Actual,Support Vector Classifier (RBF),Naive Bayes,Logistic Regression,Random Forest
7664313,1,1,1,1,1
7674966,1,0,1,0,1
7732697,1,1,1,1,1
8135260,1,1,1,1,1
8180725,1,1,1,1,1
8190460,0,0,1,0,1
8239200,1,1,1,1,1
8422798,1,1,1,1,1
8428228,0,0,1,1,0
8484022,1,1,1,1,1
8527276,1,1,1,1,1
8630844,1,1,1,1,1
8630975,0,1,1,1,1
8799124,0,1,1,1,1
8805684,1,1,1,1,1
8818793,1,1,1,1,1
9263034,1,1,1,1,1
9384451,0,1,1,1,1
9484014,1,1,1,1,1
9495955,1,1,1,1,1
9576009,1,1,1,1,1
9633048,1,1,1,1,1
9646587,1,1,1,1,1
9710829,1,1,1,1,1
9792889,1,1,1,1,1
9922641,1,1,1,1,1
9972140,1,1,1,1,1
9977773,1,1,1,1,1
10042836,0,0,1,1,1
10109182,0,1,1,1,1
10134131,0,1,1,1,1
10140973,1,1,1,1,1
10140981,1,1,1,1,1
10142485,0,1,1,1,1
10171662,1,1,1,1,1
10229111,1,1,1,1,1
10276149,1,1,1,1,1
10296552,0,1,1,1,1
10303978,0,1,1,1,1
10311334,1,1,1,1,1
10418024,1,1,1,1,1
10446126,1,1,1,1,1
10484542,1,1,1,1,1
10511908,1,1,1,1,1
10546409,1,0,1,1,1
10565989,0,1,1,1,1
10586369,1,1,1,1,1
10621390,1,1,1,1,1
10628930,1,1,1,1,1
10629176,0,1,1,1,1
10643131,1,1,1,1,1
10671838,1,1,1,1,1
10678402,1,1,1,1,1
10685057,0,0,1,1,1
10692485,1,1,1,1,1
10699079,1,1,1,1,1
10719596,0,1,1,1,1
10803646,1,1,1,1,1
10849585,0,1,1,1,1
10860661,1,0,1,1,1
10891723,0,1,1,1,1
10902191,1,1,1,1,1
10930066,1,1,1,1,1
10937237,1,1,1,1,1
10943072,1,1,1,1,1
10951554,1,1,1,1,1
10963748,1,1,1,1,1
10979377,1,1,1,1,1
11037554,1,1,1,1,1
11043026,1,1,1,1,1
11049605,1,1,1,1,1
11050885,1,1,1,1,1
11055514,1,1,1,1,1
11080607,1,1,1,1,1
11095579,1,1,1,1,1
11132598,0,1,1,1,1
11144846,1,1,1,1,1
11171904,0,0,1,1,1
11232793,0,1,1,1,1
11238197,1,0,1,0,1
11252113,1,0,1,1,1
11263534,0,0,1,0,0
11276434,1,1,1,1,1
11301269,0,0,1,0,1
11302329,0,0,1,0,1
11348577,0,1,1,1,1
11354164,0,0,1,0,1
11354582,0,0,1,0,0
11354803,0,1,1,1,1
11379747,0,1,1,1,1
11430434,0,1,1,1,1
11445989,0,1,1,1,1
11544460,1,1,1,1,1
11551668,1,1,1,1,1
11580673,1,1,1,1,1
11581020,1,1,1,1,1
11600263,1,0,1,1,1
11605388,1,1,1,1,1
11631208,1,1,1,1,1
11631237,1,1,1,1,1
11640493,1,1,1,1,1
11644961,1,1,1,1,1
11645479,1,1,1,1,1
11646007,1,1,1,1,1
11657598,1,1,1,1,1
11676044,1,1,1,1,1
11676163,0,0,1,0,1
11694039,1,1,1,1,1
11699027,1,1,1,1,1
11709989,1,1,1,1,1
11710420,1,1,1,1,1
11714877,1,1,1,1,1
11741965,1,1,1,1,1
11756525,1,1,1,1,1
11769312,1,1,1,1,1
11817079,1,1,1,1,1
11837021,1,1,1,1,1
11842144,1,1,1,1,1
2016328014,1,1,1,1,1
2017060523,0,1,1,1,1
2017083933,0,1,1,1,1
2017225077,1,0,1,1,1
2017365183,1,1,1,1,1
2017366479,1,1,1,1,1
2018082388,0,1,1,1,1
2018114522,1,1,1,1,1
2018203851,1,1,1,1,1
2018268816,1,1,1,1,1
2018351899,0,1,1,1,1
2019013012,1,1,1,1,0
2019013017,1,1,1,1,1
2019019497,1,1,1,1,1
2019065449,1,1,1,1,1
2019066676,1,1,1,1,1
2019080425,0,0,1,0,0
2019082065,0,0,1,0,0
2019130900,1,1,1,1,1
2019163691,1,1,1,1,1
2019279644,1,1,1,1,1
2020019370,1,1,1,1,1
2020035216,1,1,1,1,1
2020053395,0,1,1,1,1
2020074498,0,0,1,0,1
2020092519,0,1,1,1,1
2020151458,1,1,1,1,1
2020160837,1,1,1,1,1
2020193961,1,1,1,1,1
2020211256,1,1,1,1,1
2020226327,1,1,1,1,1
2020226752,1,1,1,1,1
2020258608,0,0,1,0,0
2020279550,1,1,1,1,1
2020402497,1,1,1,1,1
2021012764,1,1,1,1,1
2021097274,0,0,1,0,0
2021125061,1,1,1,1,1
2021125691,1,1,1,1,1
US5257045A,0,0,0,0,0
US9976634B2,0,0,0,0,0
US9919923B2,0,0,0,0,0
US9718243B2,0,0,0,0,0
US9163824B2,0,0,0,0,0
US6560126B1,0,0,0,0,0
US10086944B2,0,0,0,0,0
US8978270B1,0,0,0,0,0
US10065724B2,0,0,0,0,0
US8997402B2,0,0,0,0,0
US9214704B2,0,0,0,0,0
US10020452B2,0,0,0,0,0
US6603853B1,0,0,0,0,0
US8360762B2,0,0,0,0,0
US9285063B2,0,0,0,0,0
US9109789B2,0,0,0,0,0
US9949588B1,0,0,0,0,0
US8673204B2,0,0,0,0,0
US9174890B2,0,0,0,0,0
US9131640B2,0,0,0,0,0
US9239063B2,0,0,0,0,0
US4772326A,0,0,0,0,0
US5435688A,0,0,0,0,0
US9140859B2,0,0,0,0,0
US9475746B2,0,0,0,0,0
US5297492A,0,0,0,0,0
US8770379B2,0,0,0,0,0
US5843335A,0,0,0,0,0
US9305748B2,0,0,0,0,0
US8590907B2,0,0,0,0,0
US4958461A,0,0,0,0,0
US9815358B1,0,0,0,0,0
US9708561B2,0,0,0,0,0
US8829673B2,0,0,0,0,0
US10000143B1,0,0,0,0,0
US6032049A,0,0,0,0,0
US4786534A,0,0,0,0,0
US8936691B2,0,0,0,0,0
US9278919B1,0,0,0,0,0
US10011935B2,0,0,0,0,0
US7663020B2,0,0,0,0,0
US9481529B2,0,0,0,0,0
US5714350A,0,0,0,0,0
US4684969A,0,0,0,0,0
US8653570B2,0,0,0,0,0
US10030161B2,0,0,0,0,0
US9278079B2,0,0,0,0,0
US9038707B2,0,0,0,0,0
US9204633B2,0,0,0,0,0
US9551388B2,0,0,0,0,0
US9179818B2,0,0,0,0,0
US7015252B2,0,0,0,0,0
US7719079B2,0,0,0,0,0
US9491924B2,0,0,0,0,0
US9139943B2,0,0,0,0,0
US6364369B2,0,0,0,0,0
US9243433B2,0,0,0,0,0
US10056589B2,0,0,0,0,0
US10059391B2,0,0,0,0,0
US9655418B2,0,0,0,0,0
US5611557A,0,0,0,0,0
US9481430B2,0,0,0,0,0
US9661889B1,0,0,0,0,0
US7242431B2,0,0,0,0,0
US5861711A,0,0,0,0,0
US9844174B2,0,0,0,0,0
US9658130B2,0,0,0,0,0
US9200938B2,0,0,0,0,0
US9650962B2,0,0,0,0,0
US7800229B2,0,0,0,0,0
US9281454B2,0,0,0,0,0
US9777512B2,0,0,0,0,0
US7313323B2,0,0,0,0,0
US9876914B2,0,0,0,0,0
US5475231A,0,0,0,0,0
US9180263B2,0,0,0,0,0
US10141663B1,0,0,0,0,0
US5509703A,0,0,0,0,0
US6161512A,0,0,0,0,0
US9903364B2,0,0,0,0,0
US8969966B2,0,0,0,0,0
US10020015B2,0,0,0,0,0
US6180883A,0,0,0,0,0
US9601801B2,0,0,0,0,0
US5032674A,0,0,0,0,0
US10130431B2,0,0,0,0,0
US9642217B2,0,0,0,0,0
US9796495B2,0,0,0,0,0
US6043079A,0,0,0,0,0
US4609322A,0,0,0,0,0
US9103499B2,0,0,0,0,0
US4536542A,0,0,0,0,0
US8742576B2,0,0,0,0,0
US5667263A,0,0,0,0,0
US6503984B2,0,0,0,0,0
US5058815A,0,0,0,0,0
US4859738A,0,0,0,0,0
US9556786B2,0,0,0,0,0
US9538703B2,0,0,0,0,0
US9688922B2,0,0,0,0,0
US9733487B2,0,0,0,0,0
US7154161B1,0,0,0,0,0
US7748978B2,0,0,0,0,0
US8871740B2,0,0,0,0,0
US8288895B2,0,0,0,0,0
US9145309B2,0,0,0,0,0
US9315143B2,0,0,0,0,0
US10094416B2,0,0,0,0,0
US10066717B2,0,0,0,0,0
US7878085B2,0,0,0,0,0
US9340967B2,0,0,0,0,0
US5112155A,0,0,0,0,0
US10046894B1,0,0,0,0,0
US9012608B2,0,0,0,0,0
US8960062B2,0,0,0,0,0
US9534461B2,0,0,0,0,0
US9783349B2,0,0,0,0,0
US9339709B2,0,0,0,0,0
US9172178B2,0,0,0,0,0
US7988009B2,0,0,0,0,0
US9920250B1,0,0,0,0,0
US10049278B2,0,0,0,0,0
US5757730A,0,0,0,0,0
US9453572B2,0,0,0,0,0
US6933666B2,0,0,0,0,0
US9523238B2,0,0,0,0,0
US10066178B2,0,0,0,0,0
US9964369B2,0,0,0,0,0
US8945148B2,0,0,0,0,0
US9772727B2,0,0,0,0,0
US9198991B2,0,0,0,0,0
US9570609B2,0,0,0,0,0
US6214988A,0,0,0,0,0
US9741737B1,0,0,0,0,0
US9228479B2,0,0,0,0,0
US9922741B2,0,0,0,0,0
US7150734B2,0,0,0,0,0
US9627290B2,0,0,0,0,0
US4757162A,0,0,0,0,0
US5544909A,0,0,0,0,0
US4594719A,0,0,0,0,0
US7816609B2,0,0,0,0,0
US10082637B2,0,0,0,0,0
US9098847B2,0,0,1,0,0
US7208380B2,0,0,0,0,0
US9278865B2,0,0,0,0,0
US9486101B2,0,0,0,0,0
US10072368B2,0,0,0,0,0
US10031764B2,0,0,1,0,1
US9977022B2,0,0,0,0,0
US5290851A,0,0,0,0,0
US10086512B2,0,0,0,0,0
US9437903B2,0,0,0,0,0
US9150292B2,0,0,0,0,0
US9375801B2,0,0,0,0,0
US7141930B2,0,0,0,0,0
US4647491A,0,0,0,0,0
US9047965B2,0,0,0,0,0
US9339412B2,0,0,0,0,0
US5412443A,0,0,0,0,0
US6386392B1,0,0,0,0,0
US7926598B2,0,0,0,0,0
US10006730B1,0,0,0,0,0
US9627934B2,0,0,0,0,0
US9186759B2,0,0,0,0,0
US9950427B2,0,0,0,0,0
US5990526A,0,0,0,0,0
US7344247B2,0,0,0,0,0
US9833474B2,0,0,0,0,0
US9082590B2,0,0,0,0,0
US7010108B2,0,0,0,0,0
US7867261B2,0,0,0,0,0
US9221431B2,0,0,0,0,0
US5899569A,0,0,0,0,0
US4713249A,0,0,0,0,0
US9306146B2,0,0,0,0,0
US8650732B2,0,0,0,0,0
US8911522B2,0,0,0,0,0
US4963416A,0,0,0,0,0
US7371841B2,0,0,0,0,0
US10135323B2,0,0,0,0,0
US9913476B2,0,0,0,0,0
US9631691B2,0,0,0,0,0
US9295291B2,0,0,0,0,0
US9496196B2,0,0,0,0,0
US8217003B2,0,0,0,0,0
US9221337B2,0,0,0,0,0
US9005209B2,0,0,0,0,0
US8697273B2,0,0,0,0,0
US9667719B1,0,0,1,0,0
US8955951B2,0,0,0,0,0
US7963288B2,0,0,0,0,0
US9271720B2,0,0,0,0,0
US9338087B2,0,0,1,0,0
US9236784B2,0,0,0,0,0
US10004344B1,0,0,0,0,0
US9338454B2,0,0,1,0,0
US9644520B2,0,0,0,0,0
US9016158B2,0,0,0,0,0
US6383915B1,0,0,0,0,0
US10086223B2,0,0,0,0,0
US8575395B2,0,0,0,0,0
US7871094B2,0,0,0,0,0
US9249290B2,0,0,0,0,0
US9653354B2,0,0,0,0,0
US9480236B2,0,0,0,0,0
US8701107B2,0,0,1,0,0
US4908650A,0,0,0,0,0
US8456916B2,0,0,0,0,0
US6442260B1,0,0,0,0,0
US4957219A,0,0,0,0,0
US10128558B2,0,0,0,0,0
US9079539B2,0,0,0,0,0
US8502904B2,0,1,1,1,1
US4771543A,0,0,0,0,0
US7336447B2,0,0,0,0,0
US5979667A,0,0,0,0,0
US6917065B2,0,0,0,0,0
US5543956A,0,0,0,0,0
US6259158A,0,0,0,0,0
US5921701A,0,0,0,0,0
US5731993A,0,0,0,0,0
US6269084A,0,0,0,0,0
US10042460B2,0,0,0,0,0
US10132214B2,0,0,0,0,0
US7534782B2,0,0,0,0,0
US9687404B2,0,0,0,0,0
US9361975B2,0,0,0,0,0
US9743933B2,0,0,0,0,0
US7871967B2,0,0,0,0,0
US9878349B2,0,0,0,0,0
US9151372B2,0,0,0,0,0
US8967949B2,0,0,0,0,0
US9551392B2,0,0,0,0,0
US8163692B2,0,0,0,0,0
US9327409B2,0,0,0,0,0
US9588359B2,0,0,0,0,0
US9400651B2,0,0,0,0,0
US9499241B2,0,0,0,0,0
US8218481B2,0,0,1,0,1
US9561691B2,0,0,0,0,0
US10077828B2,0,0,0,0,0
US9099341B2,0,0,0,0,0
7660715,1,1,1,1,1
7720683,0,0,1,1,1
7788262,1,1,1,1,1
7945952,0,1,1,1,1
8185400,1,1,1,1,1
8222507,1,0,1,0,0
8355903,1,1,1,1,1
8380504,0,1,1,1,1
8467524,0,1,1,1,1
8510112,1,1,1,1,1
8571871,1,1,1,1,1
8751236,1,1,1,1,1
8764561,0,1,1,1,0
8768687,1,1,1,1,1
8892417,1,1,1,1,1
9047622,0,0,1,0,0
9336782,1,1,1,1,1
9367950,1,1,1,1,1
9390087,1,1,1,1,1
9418385,0,0,1,1,0
9460707,1,1,1,1,1
9582501,1,1,1,1,1
9653093,1,1,1,1,1
9697178,1,1,1,1,1
9754220,0,0,1,0,0
9934515,0,1,1,1,1
9972127,1,1,1,1,1
10027662,0,0,1,1,1
10074364,1,1,1,1,1
10249314,1,1,1,1,1
10334328,1,1,1,1,1
10387970,1,0,1,0,1
10418033,1,1,1,1,1
10453476,1,1,1,0,1
10467347,1,1,1,1,1
10468014,1,1,1,1,1
10504268,1,1,1,1,1
10559299,1,1,1,1,1
10580405,0,0,1,0,0
10593328,0,0,1,1,1
10602062,1,1,1,1,1
10614031,0,1,1,1,1
10628185,1,1,1,1,1
10628931,1,1,1,1,1
10643600,1,1,1,1,1
10650306,1,0,1,1,1
10652565,1,1,1,1,1
10679015,0,1,1,1,1
10682575,1,1,1,1,1
10692602,0,1,1,1,1
10701394,0,0,1,0,1
10706867,1,1,1,1,1
10713289,1,1,1,1,1
10713821,1,1,1,1,1
10789956,1,1,1,1,1
10818293,1,1,1,1,1
10818308,0,1,1,1,1
10827214,0,0,1,0,0
10831976,0,1,1,1,1
10872116,1,1,1,1,1
10915818,1,1,1,1,1
10930263,1,1,1,1,1
10930272,0,0,1,1,1
10931999,0,1,1,1,1
10943309,0,0,1,1,1
10943583,0,1,1,1,1
10956808,0,0,1,0,0
10957017,0,0,1,1,1
10963231,0,0,1,0,1
10984225,0,0,1,0,0
10990852,0,1,1,1,1
10991373,0,1,1,1,1
11003703,1,1,1,1,1
11037328,1,0,1,1,1
11068661,1,1,1,1,1
11068952,0,0,1,0,0
11070671,0,0,1,0,0
11087528,1,1,1,1,1
11093718,0,1,1,1,1
11109099,0,0,1,1,0
11120839,0,1,1,1,1
11127488,0,1,1,1,1
11153566,0,1,1,1,1
11157339,0,0,0,0,0
11165725,0,1,1,1,1
11165735,0,0,1,0,1
11166035,1,1,1,1,1
11170038,1,1,1,1,1
11183169,1,1,1,1,1
11210775,1,1,1,1,1
11232268,1,1,1,1,1
11238090,1,1,1,1,1
11315692,1,0,1,0,1
11355155,1,0,1,0,1
11374952,0,0,1,1,1
11379189,1,1,1,1,1
11393575,1,1,1,1,1
11409963,1,1,1,1,1
11410684,1,1,1,1,1
11410685,0,1,1,1,1
11416712,1,1,1,1,1
11431660,1,1,1,1,1
11483494,0,1,1,1,1
11494486,1,0,1,1,1
11508045,1,1,1,1,1
11514633,0,1,1,1,1
11537416,0,0,1,0,0
11537813,1,1,1,1,1
11551695,1,1,1,1,1
11561326,1,1,1,1,1
11574168,1,0,1,1,1
11586724,0,1,1,1,1
11600260,1,1,1,1,1
11605387,1,1,1,0,0
11647153,1,0,1,0,1
11657292,1,1,1,1,1
11677991,1,1,1,1,1
11726902,0,1,1,1,1
11735178,0,0,1,0,0
11743552,1,0,1,0,0
11748577,1,1,1,1,1
11757907,0,1,1,1,1
11769017,1,1,1,1,1
11769239,1,1,1,1,1
11775581,0,0,1,1,1
11776007,1,0,1,0,1
11777874,1,1,1,1,1
11783474,1,1,1,1,1
11783824,1,1,1,1,1
11790492,1,1,1,1,1
11809688,1,1,1,1,1
11836680,1,1,1,1,1
11899148,1,1,1,1,1
11915137,1,1,1,1,1
2016371887,1,1,1,1,0
2016379611,1,1,1,1,1
2017069086,0,0,1,0,1
2017072640,1,1,1,0,1
2017076327,0,0,1,0,1
2017084268,1,1,1,1,1
2017242847,1,1,1,1,1
2017243582,1,1,1,1,1
2017371506,1,1,1,1,1
2018007404,1,1,1,1,1
2018025108,0,0,1,1,1
2018033427,1,1,1,1,1
2018039618,1,1,1,1,1
2018061393,1,1,1,1,1
2018070872,0,1,1,1,0
2018189980,0,1,1,1,1
2018211652,1,1,1,1,1
2018330818,0,1,1,1,0
2019065498,1,0,1,0,1
2019082255,0,1,1,1,1
2019095430,1,1,1,1,1
2019108448,1,1,1,1,1
2019385590,1,1,1,1,1
2019385628,1,1,1,1,1
2019392291,1,1,1,1,1
2020014650,1,1,1,1,1
2020043492,1,1,1,1,1
2020065813,0,1,1,1,1
2020075000,1,1,1,1,1
2020099728,0,0,1,0,0
2020126557,1,1,1,1,1
2020151258,1,1,1,1,1
2020170542,0,0,0,0,0
2020175383,1,1,1,1,1
2020225050,0,0,0,0,1
2020311350,1,1,1,1,1
2020396190,0,0,1,0,0
2021001216,1,1,1,1,1
2021049452,1,0,1,1,1
2021097644,1,1,1,1,1
2021110158,0,1,1,1,1
2021117842,1,1,1,1,1
2021118035,1,1,1,1,1
US9261901B2,0,0,0,0,0
US9452963B2,0,0,0,0,0
US9115075B2,0,0,0,0,0
US9796135B2,0,0,0,0,0
US9795682B2,0,0,0,0,0
US9392445B2,0,0,1,0,0
US9022134B2,0,0,0,0,0
US7708473B2,0,0,0,0,0
US9532849B2,0,0,0,0,0
US9791320B2,0,0,0,0,0
US9850724B2,0,0,0,0,0
US7764046B2,0,0,0,0,0
US10092923B2,0,0,0,0,0
US4746040A,0,0,0,0,0
US9356400B2,0,0,0,0,0
US9988763B2,0,0,0,0,0
US9245551B2,0,0,0,0,0
US4529771A,0,0,0,0,0
US9220693B2,0,0,0,0,0
US6143223A,0,0,0,0,0
US9371955B2,0,0,0,0,0
US6215214A,0,0,0,0,0
US6174958A,0,0,0,0,0
US9778294B2,0,0,0,0,0
US9997848B2,0,0,0,0,0
US5876620A,0,0,0,0,0
US9991574B2,0,0,0,0,0
US7162816B2,0,0,0,0,0
US9766159B2,0,0,0,0,0
US6649698B1,0,0,0,0,0
US8944700B2,0,0,0,0,0
US9397206B2,0,0,0,0,0
US9341682B2,0,0,0,0,0
US8858184B2,0,0,0,0,0
US9206079B2,0,0,0,0,0
US8105392B2,0,0,0,0,0
US6027800A,0,0,0,0,0
US5184173A,0,0,0,0,0
US5579875A,0,0,0,0,0
US8267613B2,0,0,0,0,0
US9384713B1,0,0,0,0,0
US5693521A,0,0,0,0,0
US8985225B2,0,0,0,0,0
US9490229B2,0,0,0,0,0
US9828842B2,0,0,0,0,0
US9347086B2,0,0,0,0,0
US9360001B2,0,0,0,0,0
US10039696B2,0,0,0,0,0
US10081732B2,0,0,0,0,0
US6328256A,0,0,0,0,0
US7470380B2,0,0,0,0,0
US7243515B2,0,0,0,0,0
US5905021A,0,0,0,0,0
US4545606A,0,0,0,0,0
US5492447A,0,0,0,0,0
US4903062A,0,0,0,0,0
US5456147A,0,0,0,0,0
US4867770A,0,0,0,0,0
US10003434B2,0,0,0,0,0
US4710062A,0,0,0,0,0
US8594656B2,0,0,0,0,0
US9968356B2,0,0,0,0,0
US9537254B2,0,0,0,0,0
US9066504B2,0,0,0,0,0
US4621864A,0,0,0,0,0
US9227938B2,0,0,0,0,0
US6628869B2,0,0,0,0,0
US6381412B1,0,0,0,0,0
US8944304B2,0,0,0,0,0
US9506292B2,0,0,0,0,0
US8763979B2,0,0,0,0,0
US10048469B2,0,0,0,0,0
US9066587B1,0,0,0,0,0
US8485381B2,0,0,0,0,0
US7850137B2,0,0,0,0,0
US9313870B2,0,0,0,0,0
US10113437B2,0,0,0,0,0
US10043562B2,0,0,0,0,0
US6971718B2,0,0,0,0,0
US9689278B2,0,0,0,0,0
US9428879B2,0,0,0,0,0
US7790540B2,0,0,0,0,0
US6545233B2,0,0,0,0,0
US4787703A,0,0,0,0,0
US9969707B2,0,0,0,0,0
US9636393B2,0,0,0,0,0
US9970097B2,0,0,0,0,0
US9462737B2,0,0,0,0,0
US7743870B2,0,0,0,0,0
US7137154B2,0,0,0,0,0
US7075135B2,0,0,0,0,0
US10000229B2,0,0,0,0,0
US9381093B1,0,0,0,0,0
US9327266B2,0,0,0,0,0
US9458720B2,0,0,0,0,0
US10136786B2,0,0,0,0,0
US5722275A,0,0,0,0,0
US4763229A,0,0,0,0,0
US5170861A,0,0,0,0,0
US4792208A,0,0,0,0,0
US9882296B1,0,0,0,0,0
US10087042B2,0,0,0,0,0
US8403587B2,0,0,0,0,0
US9416245B2,0,0,0,0,0
US6569717B1,0,0,0,0,0
US10046943B2,0,0,0,0,0
US9308184B2,0,0,0,0,0
US10023926B2,0,0,0,0,0
US9210425B2,0,0,1,0,0
US9975589B2,0,0,0,0,0
US4925410A,0,0,0,0,0
US9241496B2,0,0,0,0,0
US10064506B2,0,0,0,0,0
US7766153B2,0,0,0,0,0
US9399247B2,0,0,0,0,0
US9332744B2,0,0,0,0,0
US9255169B2,0,0,0,0,0
US9581405B2,0,0,0,0,0
US7627384B2,0,0,0,0,0
US4689516A,0,0,0,0,0
US10130147B2,0,0,0,0,0
US9184532B2,0,0,0,0,0
US9926286B2,0,0,0,0,0
US8148748B2,0,0,0,0,0
US9753768B2,0,0,1,0,0
US9457334B2,0,0,0,0,0
US9322399B2,0,0,0,0,0
US9427010B2,0,0,0,0,0
US9166464B2,0,0,0,0,0
US9902421B2,0,0,0,0,0
US9787150B2,0,0,0,0,0
US10072100B2,0,0,0,0,0
US9653224B2,0,0,0,0,0
US9758747B2,0,0,0,0,0
US4599436A,0,0,0,0,0
US9347545B2,0,0,0,0,0
US7726046B2,0,0,0,0,0
US7810407B2,0,0,0,0,0
US9394033B2,0,0,0,0,0
US9550153B2,0,0,0,0,0
US10087922B2,0,0,0,0,0
US9069071B1,0,0,0,0,0
US8952426B2,0,0,0,0,0
US9497295B2,0,0,1,0,0
US5415034A,0,0,0,0,0
US10023627B2,0,0,0,0,0
US8414731B2,0,0,0,0,0
US4731219A,0,0,0,0,0
US8523873B2,0,0,0,0,0
US9039438B2,0,0,0,0,0
US9572239B2,0,0,0,0,0
US9669279B2,0,0,0,0,0
US8805316B2,0,0,0,0,0
US9969342B2,0,0,0,0,0
US10017586B2,0,0,0,0,0
US10094209B2,0,0,0,0,0
US7311430B2,0,0,0,0,0
US9010693B1,0,0,0,0,0
US9072486B2,0,0,0,0,0
US8945139B2,0,0,0,0,0
US8844363B2,0,0,0,0,0
US9406440B2,0,0,0,0,0
US9302598B2,0,0,0,0,0
US5388694A,0,0,0,0,0
US9397464B2,0,0,0,0,0
US5865529A,0,0,0,0,0
US8985928B2,0,0,0,0,0
US9885255B2,0,0,0,0,0
US6702933B2,0,0,0,0,0
US7008839B2,0,0,0,0,0
US9545051B2,0,0,0,0,0
US8926898B2,0,0,0,0,0
US7322982B2,0,0,0,0,0
US7760240B2,0,0,0,0,0
US5121527A,0,0,0,0,0
US6610949B2,0,0,0,0,0
US4954107A,0,0,0,0,0
US7402515B2,0,0,0,0,0
US7364295B2,0,0,0,0,0
US7298410B2,0,0,0,0,0
US9169699B2,0,0,0,0,0
US9159549B2,0,0,0,0,0
US4640213A,0,0,0,0,0
US8801480B2,0,0,0,0,0
US9623972B2,0,0,0,0,0
US10141925B1,0,0,0,0,0
US10129809B2,0,0,0,0,0
US9069693B2,0,0,1,0,1
US9513234B2,0,0,0,0,0
US10075154B1,0,0,0,0,0
US10027230B2,0,0,0,0,0
US9831078B2,0,0,0,0,0
US9324494B2,0,0,0,0,0
US9618690B2,0,0,0,0,0
US9061541B2,0,0,0,0,0
US10011669B2,0,0,0,0,0
US8414996B2,0,0,0,0,0
US10124774B2,0,0,0,0,0
US9642485B2,0,0,0,0,0
US9252047B2,0,0,0,0,0
US9860979B2,0,0,0,0,0
US9623556B1,0,0,0,0,0
US5485165A,0,0,0,0,0
US7874240B2,0,0,0,0,0
US7696110B2,0,0,0,0,0
US8157584B2,0,0,0,0,0
US7669390B2,0,0,0,0,0
US8911852B2,0,0,0,0,0
US7227053B2,0,0,0,0,0
US8222350B2,0,0,0,0,0
US10113549B2,0,0,0,0,0
US5299117A,0,0,0,0,0
US4771627A,0,0,0,0,0
US10127739B2,0,0,0,0,1
US6758599B2,0,0,0,0,0
US10103925B2,0,0,0,0,0
US10043846B2,0,0,0,0,0
US10035743B1,0,0,0,0,0
US9357556B2,0,0,0,0,0
US9035161B2,0,0,0,0,0
US10052064B2,0,0,0,0,0
US10001195B2,0,0,0,0,0
US9714737B2,0,0,0,0,0
7643990,0,1,1,1,1
7689416,1,1,1,1,1
7713127,1,1,1,1,1
7835910,0,0,1,0,1
7912718,0,1,1,1,1
8032383,1,1,1,1,1
8265930,1,1,1,1,1
8423366,1,1,1,1,1
8447713,1,1,1,1,1
8497859,1,1,1,1,1
8589164,0,1,1,1,1
8589262,0,0,1,1,1
8653349,0,1,1,1,1
8804035,0,1,1,1,1
8886520,1,1,1,1,1
8909534,1,1,1,1,1
9159329,1,1,1,1,1
9275457,0,0,1,1,1
9367763,1,1,1,1,1
9436953,1,1,1,1,1
9508338,1,1,1,1,1
9608942,1,1,1,1,1
9679554,1,1,1,1,1
9697197,1,1,1,1,1
9697822,1,1,1,1,1
9754219,0,0,1,0,0
9786084,1,1,1,1,1
9798653,1,1,1,1,1
9922376,0,1,1,0,0
9959868,0,1,1,1,1
9978359,1,1,1,1,1
10008193,1,1,1,1,1
10019525,1,1,1,1,1
10049477,1,1,1,1,1
10091545,1,1,1,1,1
10154242,1,1,1,1,1
10229672,1,1,1,1,1
10325201,1,1,1,1,1
10325599,0,0,1,0,1
10332513,1,1,1,1,1
10332517,0,1,1,1,1
10373023,1,1,1,1,1
10379995,0,1,1,1,1
10380724,1,1,1,1,1
10446147,1,1,1,1,1
10475438,1,1,1,1,1
10510358,0,1,1,1,1
10515637,1,1,1,1,1
10552667,1,1,1,1,1
10572953,0,0,1,1,1
10607298,0,1,1,1,1
10607598,1,1,1,1,1
10616257,0,1,1,1,1
10635941,1,1,1,1,1
10664718,1,1,1,1,1
10692002,1,1,1,1,1
10719779,1,1,1,1,1
10720157,0,1,1,1,1
10769848,1,1,1,1,1
10796381,0,1,1,0,0
10810725,0,1,1,1,1
10818043,1,1,1,1,1
10839809,0,1,1,1,1
10884710,1,1,1,1,1
10904212,1,1,1,1,1
10916050,1,1,1,1,1
10922788,1,1,1,1,1
10963812,1,1,1,1,1
10963823,0,1,1,1,1
10965948,0,0,1,0,0
11017123,0,1,1,1,0
11049481,1,0,1,0,1
11064113,0,1,1,1,1
11069353,0,1,1,1,1
11077367,1,1,1,1,1
11107228,1,1,1,1,1
11113771,1,1,1,1,1
11138249,0,0,1,1,1
11138781,1,1,1,1,1
11146598,0,1,1,0,0
11194973,0,1,1,1,1
11232266,1,0,1,1,1
11256402,1,0,1,1,1
11263407,1,1,1,1,1
11270164,1,1,1,1,1
11271984,0,0,1,0,1
11275903,1,1,1,1,1
11302310,0,1,1,1,1
11314945,1,1,1,1,1
11321729,0,1,1,1,1
11354490,1,0,1,0,1
11403800,1,1,1,1,1
11445065,0,1,1,1,1
11461952,1,1,1,1,1
11514493,1,1,1,1,1
11537902,0,1,1,1,1
11544881,1,1,1,1,1
11557292,0,1,1,1,1
11568148,1,1,1,1,1
11568576,1,1,1,1,1
11574624,1,1,1,1,1
11604966,1,1,1,1,1
11651390,1,1,1,1,1
11659085,1,0,1,0,0
11689601,1,0,1,0,1
11710479,1,1,1,1,1
11721023,0,1,1,1,1
11727596,1,1,1,1,1
11740372,1,0,1,0,1
11741302,1,1,1,1,1
11741996,1,1,1,1,1
11755888,1,0,1,0,0
11763086,1,1,1,1,1
11763809,1,1,1,1,1
11763849,1,1,1,1,1
11783813,1,1,1,1,1
11793725,0,0,1,1,1
11797780,1,1,1,1,1
11817088,1,1,1,1,1
11830476,1,1,1,1,1
11896902,1,1,1,1,1
2016379252,1,1,1,1,1
2017032245,0,0,1,0,0
2017143207,0,1,1,1,0
2017243520,0,0,0,0,0
2017243600,0,0,1,0,0
2017309269,1,1,1,1,1
2017316453,0,0,1,0,0
2018082184,1,1,1,1,1
2018190294,1,1,1,1,1
2018247183,1,1,1,1,1
2018301144,1,1,1,1,1
2018332167,0,1,1,1,1
2019019304,0,1,1,1,1
2019057081,1,1,1,1,1
2019087677,1,1,1,1,1
2019114593,0,1,1,1,0
2019147029,0,1,1,1,1
2019294669,1,1,1,1,1
2019311716,1,1,1,1,1
2019340648,0,0,1,0,1
2019362709,1,1,1,1,1
2019369924,0,1,1,1,1
2019370616,1,1,1,1,1
2019371476,1,1,1,1,1
2020004790,1,1,1,1,1
2020026766,1,1,1,1,1
2020035241,1,1,1,1,1
2020058288,1,1,1,1,1
2020066250,1,1,1,1,1
2020143384,1,1,1,1,1
2020151561,1,1,1,1,1
2020211134,0,0,1,0,0
2020211529,1,1,1,1,1
2020226216,1,1,1,1,1
2020265394,0,0,1,0,0
2020304446,1,1,1,1,0
2020312457,1,1,1,1,1
2020394258,1,1,1,1,1
2020401764,1,1,1,1,1
2021073833,1,1,1,1,1
2021089903,1,1,1,1,1
2021090690,1,0,1,0,1
2021097402,0,1,1,1,1
2021110207,0,0,0,0,0
2021110815,1,1,1,1,1
2021125592,1,1,1,1,1
US7070215B2,0,0,0,0,0
US9018239B2,0,0,0,0,0
US9616574B2,0,0,0,0,0
US9638111B2,0,0,0,0,0
US9085449B2,0,0,0,0,0
US10105730B2,0,0,0,0,0
US9080016B2,0,0,0,0,0
US9831482B2,0,0,0,0,0
US9034972B2,0,0,0,0,0
US9883739B1,0,0,0,0,0
US9044242B2,0,0,0,0,0
US5293181A,0,0,0,0,0
US9907993B2,0,0,0,0,0
US8835365B2,0,0,0,0,0
US9468195B2,0,0,0,0,0
US9936680B2,0,0,0,0,0
US9723883B1,0,0,0,0,0
US9381755B2,0,0,0,0,0
US8445113B2,0,0,0,0,0
US8663950B2,0,0,0,0,0
US9186524B2,0,0,0,0,0
US10117337B2,0,0,0,0,0
US9115326B2,0,0,0,0,0
US9518026B2,0,0,0,0,0
US9343350B2,0,0,0,0,0
US6769529B2,0,0,0,0,0
US5325406A,0,0,0,0,0
US6292060A,0,0,0,0,0
US9674938B2,0,0,0,0,0
US9922878B2,0,0,0,0,0
US8182014B2,0,0,0,0,0
US10058938B2,0,0,0,0,0
US9966614B2,0,0,0,0,0
US9932084B2,0,0,0,0,0
US6152693A,0,0,0,0,0
US9533741B2,0,0,0,0,0
US9758255B1,0,0,0,0,0
US9740647B1,0,0,0,0,0
US9994679B2,0,0,0,0,0
US9657422B2,0,0,0,0,0
US9399554B2,0,0,0,0,0
US9062191B2,0,0,0,0,0
US9402687B2,0,0,0,0,0
US9184522B1,0,0,0,0,0
US4774536A,0,0,0,0,0
US7858846B2,0,0,0,0,0
US9902620B2,0,0,0,0,0
US9163375B2,0,0,0,0,0
US8704004B2,0,0,0,0,0
US9385428B2,0,0,0,0,0
US6361755B1,0,0,0,0,0
US6843517B2,0,0,0,0,0
US9855487B2,0,0,0,0,0
US6175324A,0,0,0,0,0
US9587364B2,0,0,0,0,0
US9090850B1,0,0,0,0,0
US9326439B2,0,0,0,0,0
US7322619B2,0,0,0,0,0
US9563045B2,0,0,0,0,0
US5984618A,0,0,0,0,0
US9914812B2,0,0,0,0,0
US6872024B2,0,0,0,0,0
US9622636B1,0,0,0,0,0
US10137568B2,0,0,0,0,0
US9527772B2,0,0,0,0,0
US7445053B2,0,0,0,0,0
US9897751B2,0,0,0,0,0
US7431321B2,0,0,0,0,0
US6815234B2,0,0,0,0,0
US10132345B2,0,0,0,0,0
US8962880B2,0,0,0,0,0
US9680136B2,0,0,0,0,0
US5050813A,0,0,0,0,0
US7243992B2,0,0,0,0,0
US9702167B2,0,0,0,0,0
US4863625A,0,0,0,0,0
US9624953B2,0,0,0,0,0
US4928124A,0,0,0,0,0
US4915908A,0,0,0,0,0
US9601707B2,0,0,0,0,0
US9334734B2,0,0,0,0,0
US5597336A,0,0,0,0,0
US7509872B2,0,0,0,0,0
US5875916A,0,0,0,0,0
US9280912B2,0,0,0,0,0
US4677148A,0,0,0,0,0
US5937790A,0,0,0,0,0
US9353534B2,0,0,0,0,0
US5968810A,0,0,0,0,0
US9180749B2,0,0,0,0,0
US9670779B2,0,0,0,0,0
US10082411B2,0,0,0,0,0
US10133306B2,0,0,0,0,0
US9415379B2,0,0,0,0,0
US9027511B2,0,0,0,0,0
US10039508B2,0,0,0,0,0
US9054865B2,0,0,1,0,0
US4736957A,0,0,0,0,0
US7823425B2,0,0,0,0,0
US8845606B2,0,0,0,0,0
US4907914A,0,0,0,0,0
US9328056B2,0,0,0,0,0
US9881896B2,0,0,0,0,0
US9309264B2,0,0,0,0,0
US8552330B2,0,0,0,0,0
US9087414B2,0,0,0,0,0
US7715013B2,0,0,0,0,0
US6615016B2,0,0,0,0,0
US9895814B2,0,0,0,0,0
US9044344B2,0,0,0,0,0
US6476140B2,0,0,0,0,0
US7208853B2,0,0,0,0,0
US8969970B2,0,0,0,0,0
US10004136B2,0,0,0,0,0
US6380305B1,0,0,0,0,0
US9378506B1,0,0,0,0,0
US9302389B2,0,0,0,0,0
US9637141B2,0,0,0,0,0
US9862223B2,0,0,0,0,0
US9739350B2,0,0,0,0,0
US5683138A,0,0,0,0,0
US9962219B2,0,0,0,0,0
US10111377B2,0,0,0,0,0
US9758720B2,0,0,0,0,0
US9145667B1,0,0,0,0,0
US9468137B1,0,0,0,0,0
US10053915B2,0,0,0,0,0
US9751575B2,0,0,0,0,0
US9340276B2,0,0,0,0,0
US9994295B2,0,0,0,0,0
US9890099B2,0,0,0,0,0
US10032390B2,0,0,0,0,0
US7541516B2,0,0,0,0,0
US10004755B2,0,0,0,0,0
US8857655B2,0,0,0,0,0
US9677858B1,0,0,0,0,0
US8995338B2,0,0,1,0,0
US5304592A,0,0,0,0,0
US9155808B2,0,0,0,0,0
US9857002B2,0,0,0,0,0
US9394617B2,0,0,0,0,0
US9707173B2,0,0,0,0,0
US9791013B2,0,0,0,0,0
US5188749A,0,0,0,0,0
US9788848B2,0,0,0,0,0
US8800829B2,0,0,0,0,0
US8981157B2,0,0,0,0,0
US7932572B2,0,0,0,0,0
US4711322A,0,0,0,0,0
US9809399B1,0,0,0,0,0
US7798235B2,0,0,0,0,0
US7385963B1,0,0,0,0,1
US9559461B1,0,0,0,0,0
US8961499B2,0,0,0,0,0
US8036367B2,0,0,0,0,0
US6579035B1,0,0,0,0,0
US7739809B2,0,0,0,0,0
US6243968A,0,0,0,0,0
US9433703B2,0,0,0,0,0
US5027958A,0,0,0,0,0
US8167561B2,0,0,0,0,0
US8171675B2,0,0,0,0,0
US5475379A,0,0,0,0,0
US9581092B2,0,0,0,0,0
US6060718A,0,0,0,0,0
US9117430B2,0,0,0,0,0
US7854462B2,0,0,0,0,0
US10060639B2,0,0,0,0,0
US9397468B2,0,0,0,0,0
US10039523B2,0,0,0,0,0
US9677880B2,0,0,0,0,0
US9026322B2,0,0,0,0,0
US9106002B2,0,0,0,0,0
US9925041B2,0,0,0,0,0
US5052956A,0,0,0,0,0
US8395531B2,0,0,0,0,0
US9481272B2,0,0,0,0,0
US6526046B1,0,0,0,0,0
US9518764B2,0,0,0,0,0
US8033278B2,0,0,0,0,0
US6160065A,0,0,0,0,0
US9371994B2,0,0,0,0,0
US5618488A,0,0,0,0,0
US5255030A,0,0,0,0,0
US7205541B1,0,0,0,0,0
US8663190B2,0,0,0,0,0
US8028939B2,0,0,0,0,0
US5580649A,0,0,0,0,0
US10092781B2,0,0,0,0,0
US9775737B2,0,0,0,0,0
US9786755B2,0,0,0,0,0
US4708628A,0,0,0,0,0
US10092337B2,0,0,0,0,0
US8082086B2,0,0,0,0,0
US10103452B2,0,0,0,0,0
US9449809B2,0,0,0,0,0
US9509679B2,0,0,1,0,0
US9289855B2,0,0,0,0,0
US9034418B2,0,0,0,0,0
US9375550B2,0,0,0,0,0
US9151768B2,0,0,0,0,0
US9321187B2,0,0,0,0,0
US8097140B2,0,0,0,0,0
US9265985B2,0,0,0,0,0
US9863367B2,0,0,0,0,0
US9272008B2,0,0,0,0,0
US9990020B2,0,0,0,0,0
US9565763B2,0,0,0,0,0
US9174345B2,0,0,0,0,0
US9630882B2,0,0,0,0,0
US9272718B2,0,0,0,0,0
US9010737B2,0,0,0,0,0
US9235946B2,0,0,0,0,0
US7953039B2,0,0,0,0,0
US10103122B2,0,0,0,0,0
US7097651B2,0,0,0,0,0
US5909298A,0,0,0,0,0
US5184446A,0,0,0,0,0
US9924844B1,0,0,0,0,0
US9464154B2,0,0,0,0,0
US9234549B2,0,0,0,0,0
US9180047B2,0,0,0,0,0
US9352930B2,0,0,0,0,0
US10065308B2,0,0,0,0,0
US9997175B1,0,0,0,0,0
US9061612B2,0,0,0,0,0
US8975455B2,0,0,0,0,0
US9485908B2,0,0,0,0,0
US9085856B2,0,0,0,0,0
US9709999B2,0,0,0,0,0
US9774389B2,0,0,0,0,0
US9300179B2,0,0,0,0,0
US9463732B2,0,0,0,0,0
5660176,1,1,1,1,1
7890374,0,1,1,1,1
7902447,1,0,1,0,1
7925496,1,1,1,1,1
8069131,1,0,1,0,0
8204842,1,1,1,1,1
8214213,0,1,1,1,1
8296257,0,0,1,0,1
8407113,0,0,1,0,0
8422799,1,1,1,1,1
8438029,1,1,1,1,1
8487176,1,1,1,1,1
8515750,1,1,1,1,1
8596640,0,0,1,0,0
8660678,0,1,1,1,1
8671149,0,0,1,1,0
8688434,1,1,1,1,1
8725559,0,0,1,0,0
8775161,1,1,1,1,1
8818768,1,1,1,1,1
8949125,1,1,1,1,1
9302393,1,1,1,1,1
9304660,0,0,1,1,1
9466292,1,1,1,1,1
9589578,1,1,1,1,1
9665800,1,1,1,1,1
9805018,1,1,1,1,1
9870797,0,1,1,1,1
10021276,1,1,1,1,1
10086261,0,1,1,0,0
10127918,1,1,1,1,1
10147428,1,1,1,1,1
10163436,1,1,1,1,1
10169826,1,1,1,0,1
10176809,1,1,1,1,1
10186251,1,1,1,1,1
10186252,1,1,1,1,1
10262107,0,0,1,0,0
10272341,1,1,1,1,1
10283163,1,1,1,1,1
10298895,1,1,1,1,1
10319365,1,1,1,1,1
10346524,1,1,1,1,1
10373026,1,1,1,1,1
10402726,1,1,1,1,1
10440431,1,1,1,1,1
10445356,1,1,1,1,1
10453434,1,1,1,1,1
10467274,1,1,1,1,1
10469665,0,1,1,1,1
10481579,1,0,1,0,0
10489393,1,1,1,1,1
10489682,1,1,1,1,1
10490195,1,1,1,1,1
10504504,1,1,1,1,1
10539881,0,1,1,1,1
10565234,0,1,1,1,1
10600414,0,0,1,0,0
10601740,1,1,1,1,1
10614207,1,1,1,1,1
10630726,0,0,1,0,0
10635088,1,1,1,1,1
10657201,1,1,1,1,1
10657584,1,1,1,1,1
10658005,1,1,1,1,1
10678406,0,0,1,0,0
10706837,1,1,1,1,1
10733240,0,0,1,0,1
10733374,1,0,1,0,0
10789606,0,0,1,0,1
10789723,1,1,1,1,1
10817314,0,1,1,1,1
10839269,0,1,1,1,1
10885436,1,1,1,1,1
10897675,0,1,1,1,1
10916351,0,1,1,1,1
10937542,1,1,1,1,1
10944867,1,0,1,0,1
10945051,1,1,1,1,1
10962473,1,0,1,0,1
10963497,0,0,1,1,1
10970188,0,0,1,1,1
10977783,0,1,1,1,1
10978054,0,0,1,0,1
10990619,1,1,1,1,1
10991154,1,1,1,1,1
10999434,1,1,1,1,1
10999566,1,1,1,1,1
11003865,0,1,1,1,1
11024276,1,0,1,1,1
11064252,1,1,1,1,1
11074507,1,1,1,1,1
11107557,0,0,0,0,1
11113578,1,1,1,1,1
11113862,0,1,1,1,1
11115530,1,1,1,1,1
11120812,0,1,1,1,1
11121987,1,1,1,1,1
11127225,0,1,1,1,1
11158207,0,1,1,1,1
11176443,0,1,1,1,1
11176930,0,1,1,1,1
11210062,1,0,1,1,1
11227047,0,1,1,1,1
11250635,1,1,1,1,1
11256995,0,0,1,0,0
11276389,1,1,1,1,1
11308657,1,1,1,1,1
11328480,1,1,1,1,1
11341699,1,1,1,1,1
11343650,0,0,0,0,0
11379446,0,1,1,1,0
11430467,0,1,1,1,1
11438457,0,1,1,1,1
11455658,1,1,1,1,0
11470279,0,1,1,1,1
11475334,0,0,1,1,1
11477142,0,1,1,1,1
11488288,1,1,1,1,1
11488634,1,1,1,1,1
11508042,1,1,1,1,1
11509995,1,1,1,1,1
11546181,0,0,1,0,1
11582519,1,1,1,1,1
11706492,1,0,1,0,1
11727618,1,1,1,1,1
11735158,1,1,1,1,1
11749282,0,1,1,1,1
11769531,1,1,1,1,1
11791018,1,0,1,0,1
11804022,1,1,1,1,1
11829474,0,1,1,1,1
11863865,1,1,1,1,0
11926332,1,0,1,1,1
2016210663,0,0,1,1,1
2016232256,1,1,1,1,1
2017072641,1,1,1,1,1
2017084266,1,1,1,1,1
2017087474,1,1,1,1,1
2017199958,0,0,1,0,0
2017256259,1,1,1,1,1
2017270948,1,1,1,1,1
2017323313,0,1,1,1,1
2017358003,0,0,0,0,1
2018039767,0,0,1,1,1
2018061408,1,1,1,1,1
2018077460,1,1,1,1,1
2018090132,1,1,1,1,1
2018121784,0,0,1,1,0
2018189797,0,1,1,1,1
2018293632,1,1,1,1,1
2018357543,0,1,1,1,1
2019005399,1,1,1,1,1
2019117088,0,0,0,0,0
2019318433,0,0,1,0,1
2019354874,1,1,1,1,1
2019371295,1,1,1,1,1
2019392858,1,1,1,1,1
2020020337,1,0,1,0,1
2020026767,1,1,1,1,1
2020058290,1,1,1,1,1
2020137001,1,1,1,1,1
2020142926,1,1,1,1,1
2020159376,1,1,1,1,1
2020167864,0,0,1,0,0
2020272422,1,1,1,1,1
2020279024,1,1,1,1,1
2020285810,1,1,1,1,1
2020293719,1,1,1,1,1
2020410285,1,1,1,1,1
2021065006,1,1,1,1,1
2021078180,0,0,1,1,1
2021082421,1,1,1,1,1
2021117733,1,1,1,1,1
US6507704B2,0,0,0,0,0
US9256249B2,0,0,0,0,0
US8557347B1,0,0,0,0,0
US7935130B2,0,0,0,0,0
US10088073B1,0,0,0,0,0
US9591808B2,0,0,0,0,0
US9205449B1,0,0,0,0,0
US9419486B2,0,0,0,0,0
US9789802B2,0,0,0,0,0
US9440355B2,0,0,0,0,0
US9272360B2,0,0,0,0,0
US9523929B2,0,0,0,0,0
US9702906B2,0,0,0,0,0
US9982338B2,0,0,0,0,0
US9766037B2,0,0,0,0,0
US9469027B2,0,0,0,0,0
US9574399B2,0,0,0,0,0
US9556988B2,0,0,0,0,0
US7931952B2,0,0,0,0,0
US8701918B2,0,0,0,0,0
US5075117A,0,0,0,0,0
US9259078B1,0,0,0,0,0
US8416393B2,0,0,0,0,0
US8613958B2,0,0,0,0,0
US9373548B2,0,0,0,0,0
US8659914B2,0,0,0,0,0
US9186781B2,0,0,0,0,0
US9312055B2,0,0,0,0,0
US9726687B2,0,0,0,0,0
US8702176B2,0,0,0,0,0
US5237842A,0,0,0,0,0
US5138978A,0,0,0,0,0
US8651539B1,0,0,0,0,0
US9067764B2,0,0,0,0,0
US10035440B2,0,0,0,0,0
US9397209B2,0,0,0,0,0
US7419975B2,0,0,0,0,0
US9028753B2,0,0,0,0,0
US7963603B2,0,0,0,0,0
US6995448B2,0,0,0,0,0
US9888530B2,0,0,0,0,0
US8416578B2,0,0,0,0,0
US5604927A,0,0,0,0,0
US5324378A,0,0,0,0,0
US6933305B2,0,0,0,0,0
US4867485A,0,0,0,0,0
US5248526A,0,0,0,0,0
US10068560B1,0,0,0,0,0
US5427329A,0,0,0,0,0
US9003662B2,0,0,0,0,0
US8651268B2,0,0,0,0,0
US9757641B2,0,0,0,0,0
US8877588B2,0,0,0,0,0
US9227965B2,0,0,0,0,0
US9144145B2,0,0,0,0,0
US9121488B2,0,0,0,0,0
US7081132B2,0,0,0,0,0
US5082971A,0,0,0,0,0
US9168499B1,0,0,0,0,0
US9941770B2,0,0,0,0,0
US10126621B2,0,0,0,0,0
US9446506B2,0,0,0,0,0
US7695371B2,0,0,0,0,0
US9630757B1,0,0,0,0,0
US8942004B2,0,0,0,0,0
US10046277B2,0,0,0,0,0
US6681881B2,0,0,0,0,0
US6408447B1,0,0,0,0,0
US9174788B2,0,0,0,0,0
US9396976B2,0,0,0,0,0
US10025263B2,0,0,0,0,0
US8837044B2,0,0,0,0,0
US7038901B2,0,0,0,0,0
US7502217B2,0,0,0,0,0
US8985395B2,0,0,0,0,0
US9822680B2,0,0,0,0,0
US7600461B1,0,0,0,0,0
US5956359A,0,0,0,0,0
US4496059A,0,0,0,0,0
US9095984B2,0,0,0,0,0
US8000339B2,0,0,1,0,0
US5377919A,0,0,0,0,0
US9803131B2,0,0,0,0,0
US8251179B2,0,0,0,0,0
US5444186A,0,0,0,0,0
US9950871B2,0,0,0,0,0
US9968116B2,0,0,0,0,0
US9963311B1,0,0,0,0,0
US9954058B1,0,0,0,0,0
US10113838B2,0,0,0,0,0
US9834693B2,0,0,0,0,0
US9821958B2,0,0,0,0,0
US10058346B2,0,0,0,0,0
US7961454B2,0,0,0,0,0
US6860503B2,0,0,0,0,0
US7438861B2,0,0,0,0,0
US9162590B2,0,0,0,0,0
US4908422A,0,0,0,0,0
US9586666B2,0,0,0,0,0
US10059164B1,0,0,0,0,0
US4681399A,0,0,0,0,0
US5029979A,0,0,0,0,0
US9700999B2,0,0,0,0,0
US10018533B2,0,0,0,0,0
US9556589B2,0,0,0,0,0
US9976557B2,0,0,0,0,0
US9701010B2,0,0,0,0,0
US9297539B2,0,0,0,0,0
US9838110B2,0,0,0,0,0
US9975134B2,0,0,0,0,0
US4715402A,0,0,0,0,0
US9610995B2,0,0,0,0,0
US7540393B2,0,0,0,0,0
US9003646B2,0,0,0,0,0
US7102227B2,0,0,0,0,0
US5567746A,0,0,0,0,0
US4993810A,0,0,0,0,0
US9085229B2,0,0,0,0,0
US10134502B2,0,0,0,0,0
US9719320B2,0,0,0,0,0
US9719000B2,0,0,0,0,0
US4885660A,0,0,0,0,0
US5406877A,0,0,0,0,0
US8954635B2,0,0,0,0,0
US8993712B2,0,0,0,0,0
US9450365B1,0,0,0,0,0
US8950998B2,0,0,0,0,0
US6162628A,0,0,0,0,0
US6527949B1,0,0,0,0,0
US9945398B2,0,0,0,0,0
US6216409A,0,0,0,0,0
US8770103B2,0,0,0,0,0
US9810000B2,0,0,0,0,0
US9290652B2,0,0,0,0,0
US10100026B2,0,0,0,0,0
US9605790B1,0,0,0,0,0
US9785451B1,0,0,0,0,0
US9976636B2,0,0,0,0,0
US8494030B2,0,0,0,0,0
US9539443B2,0,0,0,0,0
US9878141B2,0,0,0,0,0
US9188502B2,0,0,0,0,0
US9655681B2,0,0,0,0,0
US7516535B1,0,0,0,0,0
US9346614B2,0,0,0,0,0
US9206006B2,0,0,0,0,0
US7499069B2,0,0,0,0,0
US8985016B2,0,0,0,0,0
US5611101A,0,0,0,0,0
US9708533B2,0,0,0,0,0
US9916713B1,0,0,0,0,0
US8932865B2,0,0,0,0,0
US8444631B2,0,0,0,0,0
US4771975A,0,0,0,0,0
US6595357B2,0,0,0,0,0
US8025972B2,0,0,0,0,0
US4843845A,0,0,0,0,0
US9333546B2,0,0,0,0,0
US6766814B2,0,0,0,0,0
US7265368B2,0,0,0,0,0
US5238531A,0,0,0,0,0
US8903232B1,0,0,0,0,0
US5618757A,0,0,0,0,0
US4701075A,0,0,0,0,0
US5955200A,0,0,0,0,0
US4998639A,0,0,0,0,0
US7419360B2,0,0,0,0,0
US5518739A,0,0,0,0,0
US10071831B1,0,0,0,0,0
US5499684A,0,0,0,0,0
US9597057B2,0,0,0,0,0
US5041957A,0,0,0,0,0
US7023132B2,0,0,0,0,0
US8056954B2,0,0,0,0,0
US8830125B1,0,0,0,0,0
US9190499B2,0,0,0,0,0
US7481476B2,0,0,0,0,0
US8998317B2,0,0,0,0,0
US9545098B2,0,0,0,0,0
US9689896B2,0,0,0,0,0
US8128565B2,0,0,0,0,0
US8993373B2,0,0,0,0,0
US9948158B2,0,0,0,0,0
US7445942B2,0,0,0,0,0
US9891993B2,0,0,0,0,0
US9217339B2,0,0,0,0,0
US9150178B1,0,0,0,0,0
US10053196B2,0,0,0,0,0
US9481530B2,0,0,0,0,0
US9870897B2,0,0,0,0,0
US9683624B2,0,0,0,0,0
US6215835A,0,0,0,0,1
US6751302B1,0,0,0,0,0
US9452019B2,0,0,0,0,0
US4818864A,0,0,0,0,0
US9462781B2,0,0,0,0,0
US4860508A,0,0,0,0,0
US7714308B2,0,0,0,0,0
US9745611B2,0,0,0,0,0
US8304471B2,0,0,0,0,0
US5810444A,0,0,0,0,0
US8935452B2,0,0,0,0,0
US9144751B2,0,0,0,0,0
US9818517B2,0,0,0,0,0
US5139073A,0,0,0,0,0
US5872310A,0,0,0,0,0
US5801387A,0,0,0,0,0
US7854421B2,0,0,0,0,0
US5732575A,0,0,0,0,0
US4985277A,0,0,0,0,0
US10111471B2,0,0,0,0,0
US8329549B2,0,0,0,0,0
US9526553B2,0,0,0,0,0
US9278837B2,0,0,0,0,0
US7477198B2,0,0,0,0,0
US9938687B1,0,0,0,0,0
US9485847B1,0,0,0,0,0
US10099456B2,0,0,0,0,0
US9078467B2,0,0,0,0,0
US9463142B2,0,0,0,0,0
US6716513B1,0,0,0,0,0
US9273485B2,0,0,0,0,0
US9322344B2,0,0,0,0,0
US9524908B2,0,0,0,0,0
US9155937B2,0,0,0,0,0
US9425246B2,0,0,0,0,0
6516298,1,1,1,1,1
6542867,1,1,1,1,1
7657289,1,1,1,1,1
7693760,0,0,1,0,0
7742919,1,1,1,1,1
7761296,1,1,1,1,1
7962530,1,1,1,1,1
8041565,1,1,1,1,1
8044288,0,0,0,0,0
8065089,0,0,1,0,0
8103505,1,1,1,1,1
8183451,1,1,1,1,1
8374848,1,1,1,1,1
8566102,1,1,1,1,1
8571859,1,1,1,1,1
8600753,1,1,1,1,1
8606577,1,0,1,1,1
8644464,1,1,1,1,0
8650035,1,1,1,1,1
8700396,1,1,1,1,1
8914284,1,1,1,1,1
9123339,1,1,1,1,1
9240178,1,1,1,1,1
9286877,1,1,1,1,1
9299331,0,1,1,1,1
9507858,1,1,1,1,1
9552548,0,0,1,0,0
9558428,1,1,1,1,1
9646601,1,1,1,1,1
9754206,0,0,1,0,0
9761222,1,0,1,0,1
9865253,0,1,1,1,1
9928835,1,0,1,1,1
9990176,1,1,1,1,1
10008209,1,1,1,1,1
10068557,1,1,1,1,1
10090020,1,1,1,1,1
10091358,1,0,1,0,1
10140089,0,0,1,1,1
10147439,0,0,1,1,1
10171908,0,1,1,1,1
10185709,1,0,1,1,1
10271768,0,0,1,0,1
10297070,1,1,1,1,1
10315536,0,0,0,0,0
10327661,0,1,1,1,1
10365887,1,0,1,1,1
10395392,1,1,1,1,1
10418032,1,1,1,1,1
10468019,0,1,1,1,1
10496754,1,1,1,1,1
10496884,1,1,1,1,1
10503804,0,0,1,1,1
10567314,1,1,1,1,1
10594840,1,1,1,1,1
10600408,1,1,1,1,1
10645225,1,1,1,1,1
10657934,0,1,1,1,1
10658074,1,1,1,1,1
10692489,1,1,1,1,1
10699695,1,1,1,1,1
10713662,0,0,0,0,0
10721189,0,0,1,0,0
10733733,0,1,1,1,1
10769501,0,0,1,1,1
10783398,1,1,1,1,1
10802889,0,0,0,0,0
10841251,1,1,1,1,1
10841666,0,1,1,1,1
10885423,0,1,1,1,1
10885707,1,1,1,1,1
10908950,0,0,1,0,0
10929485,0,1,1,1,1
10929781,0,1,1,1,1
10945040,1,1,1,1,1
10963493,0,0,1,0,1
10963819,1,1,1,1,1
10983446,0,0,1,1,1
10990848,1,1,1,1,1
10991369,0,0,1,1,1
10992604,1,1,1,1,1
11011176,0,1,1,1,1
11030726,0,1,1,1,1
11073975,1,1,1,1,1
11082369,0,0,1,1,1
11087095,1,1,1,1,1
11087877,0,0,1,0,1
11094007,0,1,1,1,1
11094134,1,1,1,1,1
11106903,0,1,1,1,1
11107591,1,0,1,1,1
11122165,1,1,1,1,1
11122238,0,1,1,1,1
11126826,0,1,1,1,1
11152031,0,1,1,1,1
11152123,1,1,1,1,1
11152785,1,1,1,1,1
11196867,0,0,1,1,1
11223580,0,0,1,0,1
11240181,0,1,1,1,1
11264140,0,1,1,1,1
11288542,0,1,1,1,1
11289082,1,1,1,1,1
11294756,0,0,1,0,0
11314922,1,1,1,1,1
11354599,0,0,1,1,1
11355112,0,0,1,0,0
11356390,0,0,1,0,1
11361571,1,0,1,1,1
11393451,0,1,1,1,1
11423616,1,1,1,1,1
11436438,1,1,1,1,1
11461774,1,1,1,1,1
11475276,1,1,1,1,1
11481559,1,1,1,1,1
11501079,1,1,1,1,1
11507059,0,0,1,0,1
11514948,1,1,1,1,1
11515041,0,1,1,1,1
11551652,1,1,1,1,1
11556335,1,1,1,1,1
11556722,1,1,1,1,1
11564194,0,0,1,1,0
11579841,0,1,1,1,1
11580968,1,1,1,1,1
11582485,0,1,1,1,1
11641384,0,0,1,0,0
11675817,1,1,1,1,1
11687152,1,0,1,0,1
11688100,1,1,1,1,1
11689486,0,0,1,0,1
11721325,1,1,1,1,1
11736556,0,0,0,0,0
11740862,1,1,1,1,1
11743378,1,1,1,1,1
11749311,1,1,1,1,1
11757923,0,1,1,1,1
11763453,1,1,1,1,1
11790558,1,1,1,1,1
11790876,1,1,1,1,1
11790884,1,1,1,1,1
11823235,1,1,1,1,1
11830159,1,1,1,1,1
11830463,1,1,1,1,1
11907885,1,1,1,1,1
2016164519,0,0,0,0,0
2016239865,0,0,1,1,1
2016283469,1,1,1,1,1
2017018270,0,1,1,1,1
2017068514,0,0,1,0,0
2017084274,1,1,1,1,1
2017330388,1,1,1,1,1
2018018392,1,0,1,0,1
2018101770,1,1,1,1,1
2018331839,1,1,1,1,1
2019019500,1,1,1,1,1
2019043076,0,0,1,0,0
2019130896,1,1,1,1,1
2019205388,1,1,1,1,1
2019221022,1,1,1,1,1
2019294931,1,1,1,1,1
2019358906,0,1,1,1,1
2020027439,1,1,1,1,1
2020050942,1,0,1,0,1
2020082805,1,1,1,1,1
2020151963,1,1,1,1,1
2020211296,1,1,1,1,1
2020227069,1,1,1,1,1
2020251105,1,1,1,1,0
2020257962,1,1,1,1,1
2020358967,1,1,1,1,0
2020395008,1,1,1,1,1
2021019642,1,1,1,1,1
2021035340,1,1,1,1,1
2021065033,1,1,1,1,1
2021081805,1,1,1,1,1
2021103645,0,1,1,1,1
2021103834,0,1,1,1,1
2021117784,1,1,1,1,1
US10130979B2,0,0,0,0,0
US9090200B2,0,0,0,0,0
US9549616B2,0,0,0,0,0
US8942550B1,0,0,0,0,0
US5576596A,0,0,0,0,0
US8284566B2,0,0,0,0,0
US9424816B2,0,0,0,0,0
US9651291B2,0,0,0,0,0
US9034210B2,0,0,0,0,0
US9456488B2,0,0,0,0,0
US9268174B2,0,0,0,0,0
US9913041B2,0,0,0,0,0
US9833932B1,0,0,0,0,0
US7005335B2,0,0,0,0,0
US9366506B2,0,0,0,0,0
US9070486B2,0,0,0,0,0
US9949604B2,0,0,0,0,0
US7241361B2,0,0,0,0,0
US10086324B2,0,0,0,0,1
US9267634B2,0,0,0,0,0
US8987214B2,0,0,0,0,0
US9640899B2,0,0,0,0,0
US10125051B2,0,0,0,0,0
US9265466B2,0,0,0,0,0
US4955984A,0,0,0,0,0
US8510995B2,0,0,0,0,0
US9789031B2,0,0,0,0,0
US4496096A,0,0,0,0,0
US6536310B2,0,0,0,0,0
US9426999B2,0,0,0,0,0
US6071093A,0,0,0,0,0
US9504796B2,0,0,0,0,0
US9818633B2,0,0,0,0,0
US8950973B2,0,0,0,0,0
US9660645B2,0,0,0,0,0
US4491376A,0,0,0,0,0
US9856679B2,0,0,0,0,0
US7476779B2,0,0,0,0,0
US9132281B2,0,0,0,0,0
US5941102A,0,0,0,0,0
US10092965B2,0,0,0,0,0
US9517118B1,0,0,0,0,0
US8708355B1,0,0,0,0,0
US8739890B2,0,0,0,0,0
US9890602B2,0,0,0,0,0
US5298757A,0,0,0,0,0
US6943229B2,0,0,0,0,0
US6874698B1,0,0,0,0,0
US6712429B2,0,0,0,0,0
US9849675B2,0,0,0,0,0
US8000575B2,0,0,0,0,0
US7331788B2,0,0,0,0,0
US9237807B1,0,0,0,0,0
US7592653B2,0,0,0,0,0
US10080392B2,0,0,0,0,0
US9519291B2,0,0,0,0,0
US9728788B2,0,0,0,0,0
US7384285B2,0,0,0,0,0
US10023765B2,0,0,0,0,0
US5184547A,0,0,0,0,0
US8096608B2,0,0,0,0,0
US6631582B2,0,0,0,0,0
US9342178B2,0,0,0,0,0
US9871169B2,0,0,0,0,0
US6533361B1,0,0,0,0,0
US7583031B1,0,0,0,0,0
US9201200B2,0,0,0,0,0
US4917964A,0,0,0,0,0
US9677758B2,0,0,0,0,0
US9278126B2,0,0,0,0,0
US6213525A,0,0,0,0,0
US9120229B2,0,0,0,0,0
US5056343A,0,0,0,0,0
US6552088B2,0,0,0,0,0
US6979167B2,0,0,0,0,0
US5328803A,0,0,0,0,0
US9337093B2,0,0,0,0,0
US5095781A,0,0,0,0,0
US6905173B2,0,0,0,0,0
US9016240B2,0,0,0,0,0
US9250025B2,0,0,0,0,0
US7413573B2,0,0,0,0,0
US8011924B2,0,0,0,0,0
US8443958B2,0,0,1,0,0
US7226551B2,0,0,0,0,0
US7179392B2,0,0,0,0,0
US9919374B2,0,0,0,0,0
US5100202A,0,0,0,0,0
US10002886B2,0,0,0,0,0
US7422179B2,0,0,0,0,0
US9267547B2,0,0,0,0,0
US10008297B2,0,0,0,0,0
US9446955B2,0,0,0,0,0
US9133036B2,0,0,0,0,0
US9482246B2,0,0,0,0,0
US7445918B2,0,0,0,0,0
US9732906B2,0,0,0,0,0
US9658002B2,0,0,0,0,0
US10076613B2,0,0,0,0,0
US6107367A,0,0,0,0,0
US9528641B2,0,0,0,0,0
US7748171B2,0,0,0,0,0
US9611692B1,0,0,0,0,0
US9624951B2,0,0,0,0,0
US7028392B1,0,0,0,0,0
US9214635B2,0,0,0,0,0
US4832710A,0,0,0,0,0
US7735882B2,0,0,0,0,0
US9709302B2,0,0,0,0,0
US4512710A,0,0,0,0,0
US5346251A,0,0,0,0,0
US9668407B2,0,0,0,0,0
US9045938B2,0,0,0,0,0
US9021966B2,0,0,0,0,0
US4715401A,0,0,0,0,0
US5291828A,0,0,0,0,0
US10115408B2,0,0,0,0,0
US6855061B2,0,0,0,0,0
US9018285B2,0,0,0,0,0
US5142919A,0,0,0,0,0
US7503105B2,0,0,0,0,0
US4789775A,0,0,0,0,0
US9184078B2,0,0,0,0,0
US9840314B2,0,0,0,0,0
US8013481B2,0,0,0,0,0
US9117580B2,0,0,0,0,0
US9319798B2,0,0,0,0,0
US9554200B2,0,0,0,0,0
US9768554B2,0,0,0,0,0
US6838257B2,0,0,0,0,0
US9055750B2,0,0,0,0,0
US8837763B1,0,0,0,0,0
US9537110B2,0,0,0,0,0
US9137952B1,0,0,0,0,0
US10122231B2,0,0,0,0,0
US7565159B2,0,0,0,0,0
US9958185B2,0,0,0,0,0
US9610873B2,0,0,0,0,0
US9765474B1,0,0,0,0,0
US4908916A,0,0,0,0,0
US4650393A,0,0,0,0,0
US8444422B2,0,0,0,0,0
US9745124B2,0,0,0,0,0
US9120978B2,0,0,0,0,0
US9981249B2,0,0,0,0,0
US9428369B2,0,0,0,0,0
US9178608B2,0,0,1,0,0
US9739917B2,0,0,0,0,0
US9563192B2,0,0,1,0,1
US9402364B2,0,0,0,0,0
US9154348B2,0,0,1,0,1
US9928698B2,0,0,0,0,0
US10030216B2,0,0,0,0,0
US9272805B2,0,0,0,0,0
US9644364B2,0,0,0,0,0
US8076650B2,0,0,0,0,0
US9889480B2,0,0,0,0,0
US8757026B2,0,0,0,0,0
US9676067B2,0,0,0,0,0
US10018431B2,0,0,0,0,0
US7592270B2,0,0,0,0,0
US4561666A,0,0,0,0,0
US5450115A,0,0,0,0,0
US9072754B2,0,0,0,0,0
US9251645B2,0,1,1,1,0
US8061560B2,0,0,0,0,0
US8586961B2,0,0,0,0,0
US9113708B2,0,0,0,0,0
US9916938B2,0,0,0,0,0
US5335675A,0,0,0,0,0
US9909057B2,0,0,0,0,0
US10060157B1,0,0,0,0,0
US6603131B2,0,0,0,0,0
US8574629B2,0,0,0,0,0
US8259626B2,0,0,0,0,1
US4768047A,0,0,0,0,0
US4494892A,0,0,0,0,0
US6108580A,0,0,0,0,0
US9049962B2,0,0,0,0,0
US9302198B1,0,0,0,0,0
US10003797B2,0,0,1,0,1
US9644851B2,0,0,0,0,0
US9695262B2,0,0,0,0,0
US9955093B2,0,0,0,0,0
US9267817B2,0,0,0,0,0
US9616368B2,0,0,0,0,0
US9899297B1,0,0,0,0,0
US6735014B2,0,0,0,0,0
US9322342B2,0,0,0,0,0
US9937982B2,0,0,0,0,0
US9173386B2,0,0,0,0,0
US9086135B2,0,0,0,0,0
US9083023B2,0,0,0,0,0
US8963159B2,0,0,0,0,0
US9252584B2,0,0,0,0,0
US9587058B2,0,0,0,0,0
US6265129A,0,0,0,0,0
US4811846A,0,0,0,0,0
US9560745B2,0,0,0,0,0
US9896471B2,0,0,0,0,0
US8140012B1,0,0,0,0,0
US4650127A,0,0,0,0,0
US8728671B1,0,0,0,0,0
US10039548B2,0,0,0,0,0
US7784985B2,0,0,0,0,0
US7651283B2,0,0,0,0,0
US7891437B2,0,0,0,0,0
US5353077A,0,0,0,0,0
US9764667B2,0,0,0,0,0
US7820895B1,0,0,0,0,0
US9060795B2,0,0,0,0,0
US9534086B2,0,0,0,0,0
US5685255A,0,0,0,0,0
US9370400B2,0,0,0,0,0
US9903702B2,0,0,0,0,0
US10067302B2,0,0,0,0,0
US9119785B2,0,0,0,0,0
US9113058B2,0,0,0,0,0
US9376300B2,0,0,0,0,0
US10087879B2,0,0,0,0,0
US9810081B2,0,0,0,0,0
